{
  "npart": 2000,
  "ncells": 40,
  "L": 12.566370614359172,
  "repeat": 3,
  "runtime": 1.9908299446105957,
  "n_peaks_total": 8,
  "n_signal_peaks": 5,
  "noise_rms": 0.022549306059422465,
  "omega": 2.798873455016361,
  "omega_err": 0.29380551685116185,
  "gamma": 0.15896946101827109,
  "gamma_err": 0.01887568612391672
}