{
  "npart": 2000,
  "ncells": 40,
  "L": 25.132741228718345,
  "repeat": 2,
  "runtime": 1.0741620063781738,
  "n_peaks_total": 6,
  "n_signal_peaks": 6,
  "noise_rms": null,
  "omega": 2.1991148575128556,
  "omega_err": 6.162087468706389e-16,
  "gamma": 0.012548243000844086,
  "gamma_err": 0.0016241139350690085
}