{
  "npart": 5000,
  "ncells": 40,
  "L": 12.566370614359172,
  "repeat": 3,
  "runtime": 4.292482852935791,
  "n_peaks_total": 8,
  "n_signal_peaks": 6,
  "noise_rms": 0.03552254949448545,
  "omega": 2.6541041383775834,
  "omega_err": 0.20464680250951012,
  "gamma": 0.22477681068920896,
  "gamma_err": 0.031038908722233895
}