{
  "npart": 2000,
  "ncells": 40,
  "L": 25.132741228718345,
  "repeat": 1,
  "runtime": 1.1861815452575684,
  "n_peaks_total": 6,
  "n_signal_peaks": 6,
  "noise_rms": null,
  "omega": 2.1991148575128556,
  "omega_err": 6.162087468706389e-16,
  "gamma": 0.03070177054562565,
  "gamma_err": 0.0007140844024900932
}