{
  "npart": 2000,
  "ncells": 20,
  "L": 12.566370614359172,
  "repeat": 2,
  "runtime": 0.8164935111999512,
  "n_peaks_total": 7,
  "n_signal_peaks": 5,
  "noise_rms": 0.04472898502958633,
  "omega": 2.5656340004316642,
  "omega_err": 0.34913856487739675,
  "gamma": 0.11494155503693748,
  "gamma_err": 0.024343705148215572
}