{
  "npart": 5000,
  "ncells": 40,
  "L": 12.566370614359172,
  "repeat": 2,
  "runtime": 3.9698703289031982,
  "n_peaks_total": 8,
  "n_signal_peaks": 6,
  "noise_rms": 0.023511102438885493,
  "omega": 2.5656340004316642,
  "omega_err": 0.5237078473160941,
  "gamma": 0.17731802159545568,
  "gamma_err": 0.02127483947614339
}