{
  "npart": 1000,
  "ncells": 40,
  "L": 12.566370614359172,
  "repeat": 2,
  "runtime": 0.7968900203704834,
  "n_peaks_total": 7,
  "n_signal_peaks": 3,
  "noise_rms": 0.05170244688063114,
  "omega": 2.5656340004316642,
  "omega_err": 0.0,
  "gamma": 0.21320762591633746,
  "gamma_err": 0.00022607522772654043
}