{
  "npart": 2000,
  "ncells": 80,
  "L": 12.566370614359172,
  "repeat": 1,
  "runtime": 2.959139585494995,
  "n_peaks_total": 7,
  "n_signal_peaks": 4,
  "noise_rms": 0.03670696621322822,
  "omega": 2.7165536475158794,
  "omega_err": 0.27677699641082665,
  "gamma": 0.2915702374765747,
  "gamma_err": 0.08765810879273518
}