{
  "npart": 1000,
  "ncells": 40,
  "L": 12.566370614359172,
  "repeat": 3,
  "runtime": 0.6468720436096191,
  "n_peaks_total": 6,
  "n_signal_peaks": 4,
  "noise_rms": 0.03915164962820519,
  "omega": 2.1991148575128547,
  "omega_err": 0.5441398092702654,
  "gamma": 0.18300033098316243,
  "gamma_err": 0.01782043640153482
}