{
  "npart": 5000,
  "ncells": 40,
  "L": 12.566370614359172,
  "repeat": 0,
  "runtime": 5.768166780471802,
  "n_peaks_total": 7,
  "n_signal_peaks": 4,
  "noise_rms": 0.020116639354022334,
  "omega": 2.7165536475158794,
  "omega_err": 0.27677699641082754,
  "gamma": 0.19917213330859893,
  "gamma_err": 0.04345649744177372
}