{
  "npart": 2000,
  "ncells": 40,
  "L": 25.132741228718345,
  "repeat": 3,
  "runtime": 1.1156878471374512,
  "n_peaks_total": 6,
  "n_signal_peaks": 5,
  "noise_rms": 0.12436635927638524,
  "omega": 2.199114857512855,
  "omega_err": 3.418111128048459e-16,
  "gamma": 0.02723829383109504,
  "gamma_err": 0.002866911998864361
}