{
  "npart": 1000,
  "ncells": 40,
  "L": 12.566370614359172,
  "repeat": 4,
  "runtime": 0.7247743606567383,
  "n_peaks_total": 7,
  "n_signal_peaks": 3,
  "noise_rms": 0.05705159558419203,
  "omega": 2.798873455016361,
  "omega_err": 0.3598367999500156,
  "gamma": 0.38366506626365715,
  "gamma_err": 0.04160079357715561
}