{
  "npart": 2000,
  "ncells": 80,
  "L": 12.566370614359172,
  "repeat": 4,
  "runtime": 3.382939100265503,
  "n_peaks_total": 7,
  "n_signal_peaks": 4,
  "noise_rms": 0.03293495127230159,
  "omega": 2.8863382504856223,
  "omega_err": 0.31245528110440873,
  "gamma": 0.17026375363557034,
  "gamma_err": 0.04989135558173201
}