{
  "npart": 2000,
  "ncells": 40,
  "L": 12.566370614359172,
  "repeat": 1,
  "runtime": 1.6411662101745605,
  "n_peaks_total": 8,
  "n_signal_peaks": 6,
  "noise_rms": 0.020799918777937024,
  "omega": 2.6541041383775834,
  "omega_err": 0.20464680250951012,
  "gamma": 0.16047715787272557,
  "gamma_err": 0.01330079245257219
}