{
  "npart": 2000,
  "ncells": 20,
  "L": 12.566370614359172,
  "repeat": 0,
  "runtime": 0.7557847499847412,
  "n_peaks_total": 6,
  "n_signal_peaks": 3,
  "noise_rms": 0.024254023982652258,
  "omega": 2.7988734550163614,
  "omega_err": 0.35983679995001694,
  "gamma": 0.4281580683595499,
  "gamma_err": 0.09769201867212807
}