{
  "npart": 2000,
  "ncells": 20,
  "L": 12.566370614359172,
  "repeat": 1,
  "runtime": 1.1239149570465088,
  "n_peaks_total": 8,
  "n_signal_peaks": 6,
  "noise_rms": 0.06423341581640937,
  "omega": 2.8507044449240713,
  "omega_err": 0.6019079911709814,
  "gamma": 0.11487515313353788,
  "gamma_err": 0.00826693917825825
}