{
  "npart": 2000,
  "ncells": 80,
  "L": 12.566370614359172,
  "repeat": 2,
  "runtime": 3.6090800762176514,
  "n_peaks_total": 7,
  "n_signal_peaks": 4,
  "noise_rms": 0.023050002746542394,
  "omega": 2.8863382504856223,
  "omega_err": 0.31245528110440973,
  "gamma": 0.2273257058123084,
  "gamma_err": 0.028492780142144885
}