{
  "npart": 2000,
  "ncells": 80,
  "L": 12.566370614359172,
  "repeat": 3,
  "runtime": 3.4057679176330566,
  "n_peaks_total": 7,
  "n_signal_peaks": 3,
  "noise_rms": 0.03312806579227628,
  "omega": 2.7988734550163614,
  "omega_err": 0.3598367999500153,
  "gamma": 0.22743992715421552,
  "gamma_err": 0.05232534513772263
}