{
  "npart": 2000,
  "ncells": 40,
  "L": 12.566370614359172,
  "repeat": 0,
  "runtime": 1.4620318412780762,
  "n_peaks_total": 7,
  "n_signal_peaks": 4,
  "noise_rms": 0.034050663477630014,
  "omega": 2.7165536475158794,
  "omega_err": 0.27677699641082754,
  "gamma": 0.14050291405786777,
  "gamma_err": 0.002127605516176701
}