{
  "npart": 2000,
  "ncells": 80,
  "L": 12.566370614359172,
  "repeat": 0,
  "runtime": 2.997582197189331,
  "n_peaks_total": 7,
  "n_signal_peaks": 5,
  "noise_rms": 0.03553248696268917,
  "omega": 2.5656340004316642,
  "omega_err": 5.372162311946824e-16,
  "gamma": 0.09152200839662969,
  "gamma_err": 0.02092554416921347
}