{
  "npart": 2000,
  "ncells": 40,
  "L": 25.132741228718345,
  "repeat": 4,
  "runtime": 1.0576448440551758,
  "n_peaks_total": 6,
  "n_signal_peaks": 6,
  "noise_rms": null,
  "omega": 2.1991148575128556,
  "omega_err": 6.162087468706389e-16,
  "gamma": 0.014409313129941965,
  "gamma_err": 0.0008785025914558601
}