{
  "npart": 2000,
  "ncells": 20,
  "L": 12.566370614359172,
  "repeat": 3,
  "runtime": 0.8950543403625488,
  "n_peaks_total": 6,
  "n_signal_peaks": 4,
  "noise_rms": 0.022099423400577876,
  "omega": 2.5656340004316642,
  "omega_err": 0.0,
  "gamma": 0.20919697055987782,
  "gamma_err": 0.02884795837122897
}