{
  "npart": 1000,
  "ncells": 40,
  "L": 12.566370614359172,
  "repeat": 0,
  "runtime": 1.242713212966919,
  "n_peaks_total": 7,
  "n_signal_peaks": 6,
  "noise_rms": 0.053542934413009745,
  "omega": 2.1991148575128556,
  "omega_err": 0.5441398092702651,
  "gamma": 0.1100675375031754,
  "gamma_err": 0.015274053200549477
}