{
  "npart": 5000,
  "ncells": 40,
  "L": 12.566370614359172,
  "repeat": 1,
  "runtime": 4.390978813171387,
  "n_peaks_total": 8,
  "n_signal_peaks": 7,
  "noise_rms": 0.014863371891748777,
  "omega": 2.979445935985158,
  "omega_err": 0.43409911370996784,
  "gamma": 0.1774991591403692,
  "gamma_err": 0.010910002138968884
}