{
  "npart": 2000,
  "ncells": 40,
  "L": 12.566370614359172,
  "repeat": 2,
  "runtime": 1.8155457973480225,
  "n_peaks_total": 8,
  "n_signal_peaks": 5,
  "noise_rms": 0.032487495418067905,
  "omega": 2.6771833047982585,
  "omega_err": 0.23279854824332702,
  "gamma": 0.12240280366518752,
  "gamma_err": 0.0047022066809008535
}