{
  "npart": 2000,
  "ncells": 40,
  "L": 12.566370614359172,
  "repeat": 4,
  "runtime": 1.6745340824127197,
  "n_peaks_total": 8,
  "n_signal_peaks": 4,
  "noise_rms": 0.029438459381446545,
  "omega": 2.8863382504856223,
  "omega_err": 0.3124552811044108,
  "gamma": 0.19166860056145313,
  "gamma_err": 0.04119488861231916
}