{
  "npart": 2000,
  "ncells": 40,
  "L": 6.283185307179586,
  "repeat": 4,
  "runtime": 2.590177297592163,
  "n_peaks_total": 9,
  "n_signal_peaks": 3,
  "noise_rms": 0.045587922636144,
  "omega": 3.0787608005179967,
  "omega_err": 0.8708050558790397,
  "gamma": 0.32504998590673767,
  "gamma_err": 0.013875957164808168
}