{
  "npart": 2000,
  "ncells": 20,
  "L": 12.566370614359172,
  "repeat": 4,
  "runtime": 0.7236425876617432,
  "n_peaks_total": 7,
  "n_signal_peaks": 5,
  "noise_rms": 0.0382572922473465,
  "omega": 2.932153143350473,
  "omega_err": 0.27925268031909256,
  "gamma": 0.19032383856776988,
  "gamma_err": 0.011001255820619789
}