{
  "npart": 1000,
  "ncells": 40,
  "L": 12.566370614359172,
  "repeat": 1,
  "runtime": 1.2550296783447266,
  "n_peaks_total": 7,
  "n_signal_peaks": 5,
  "noise_rms": 0.024312394923680824,
  "omega": 2.199114857512855,
  "omega_err": 0.6786615789312844,
  "gamma": 0.09903985133786711,
  "gamma_err": 0.015489583982870958
}