{
  "npart": 5000,
  "ncells": 40,
  "L": 12.566370614359172,
  "repeat": 4,
  "runtime": 5.130948543548584,
  "n_peaks_total": 7,
  "n_signal_peaks": 4,
  "noise_rms": 0.01839025746825896,
  "omega": 2.5656340004316642,
  "omega_err": 0.4276056667386107,
  "gamma": 0.30478611043651443,
  "gamma_err": 0.03188837504908672
}